year,mth,activity,username
2018,oct,piscine-C,aakim
2018,oct,piscine-C,aarafat
2018,oct,piscine-C,aaubakir
2018,oct,piscine-C,aazhiken
2018,oct,piscine-C,abaptist
2018,oct,piscine-C,abialko
2018,oct,piscine-C,abronzo
2018,oct,piscine-C,abshanbh
2018,oct,piscine-C,akantur
2018,oct,piscine-C,akharrou
2018,oct,piscine-C,ako
2018,oct,piscine-C,alatif
2018,oct,piscine-C,aleitner
2018,oct,piscine-C,aletsai
2018,oct,piscine-C,alfranco
2018,oct,piscine-C,aliberal
2018,oct,piscine-C,aliwang
2018,oct,piscine-C,alkozma
2018,oct,piscine-C,almannil
2018,oct,piscine-C,alradzie
2018,oct,piscine-C,alrodrig
2018,oct,piscine-C,alvyu
2018,oct,piscine-C,amendelo
2018,oct,piscine-C,anekhaen
2018,oct,piscine-C,anhorban
2018,oct,piscine-C,aordonez
2018,oct,piscine-C,apasos-g
2018,oct,piscine-C,apavlovs
2018,oct,piscine-C,asafonov
2018,oct,piscine-C,asakhi-h
2018,oct,piscine-C,atazhigu
2018,oct,piscine-C,athorne
2018,oct,piscine-C,atilahun
2018,oct,piscine-C,atokarev
2018,oct,piscine-C,atomasev
2018,oct,piscine-C,awoodod
2018,oct,piscine-C,bigissin
2018,oct,piscine-C,bimunoz
2018,oct,piscine-C,bisingh
2018,oct,piscine-C,bkjornra
2018,oct,piscine-C,bmyrzata
2018,oct,piscine-C,bpace
2018,oct,piscine-C,brfeltz
2018,oct,piscine-C,brjorgen
2018,oct,piscine-C,brzamora
2018,oct,piscine-C,bwootton
2018,oct,piscine-C,canderso
2018,oct,piscine-C,carrocha
2018,oct,piscine-C,cbagdon
2018,oct,piscine-C,cbernabo
2018,oct,piscine-C,cdias-fl
2018,oct,piscine-C,cgenthe
2018,oct,piscine-C,chford
2018,oct,piscine-C,chjeong
2018,oct,piscine-C,choho
2018,oct,piscine-C,chuchan
2018,oct,piscine-C,ckifalo
2018,oct,piscine-C,cmckelvy
2018,oct,piscine-C,cnwachuk
2018,oct,piscine-C,cpinto-t
2018,oct,piscine-C,cratu
2018,oct,piscine-C,crengifo
2018,oct,piscine-C,csalazar
2018,oct,piscine-C,csalceda
2018,oct,piscine-C,cygross
2018,oct,piscine-C,cyluu
2018,oct,piscine-C,dasmith
2018,oct,piscine-C,dgarces
2018,oct,piscine-C,dhadzic
2018,oct,piscine-C,dhatting
2018,oct,piscine-C,dhong
2018,oct,piscine-C,dishenbe
2018,oct,piscine-C,dkurbano
2018,oct,piscine-C,dmota
2018,oct,piscine-C,dpreciad
2018,oct,piscine-C,dsaripap
2018,oct,piscine-C,eagulov
2018,oct,piscine-C,ehuddas
2018,oct,piscine-C,elhampto
2018,oct,piscine-C,elmiller
2018,oct,piscine-C,emamenko
2018,oct,piscine-C,ematevos
2018,oct,piscine-C,emdiaz
2018,oct,piscine-C,erchan
2018,oct,piscine-C,eugbotna
2018,oct,piscine-C,eukoh
2018,oct,piscine-C,eulee
2018,oct,piscine-C,eytbarek
2018,oct,piscine-C,ezhukova
2018,oct,piscine-C,fgallego
2018,oct,piscine-C,fguzman
2018,oct,piscine-C,fraalvar
2018,oct,piscine-C,freynoso
2018,oct,piscine-C,fsjogren
2018,oct,piscine-C,gguarnay
2018,oct,piscine-C,gjang
2018,oct,piscine-C,gmaximov
2018,oct,piscine-C,gmoreno-
2018,oct,piscine-C,gozsertt
2018,oct,piscine-C,grougeau
2018,oct,piscine-C,hecampbe
2018,oct,piscine-C,hgonzale
2018,oct,piscine-C,hhow-cho
2018,oct,piscine-C,hkazimi
2018,oct,piscine-C,hmoledin
2018,oct,piscine-C,hyulee
2018,oct,piscine-C,iadedoku
2018,oct,piscine-C,ibotnaru
2018,oct,piscine-C,idaeho
2018,oct,piscine-C,ilerner
2018,oct,piscine-C,iskrakhm
2018,oct,piscine-C,ititkov
2018,oct,piscine-C,jaliu
2018,oct,piscine-C,jamwanji
2018,oct,piscine-C,jaodum
2018,oct,piscine-C,jawang
2018,oct,piscine-C,jboggs
2018,oct,piscine-C,jcollins
2018,oct,piscine-C,jechiang
2018,oct,piscine-C,jgilfix
2018,oct,piscine-C,jhamada
2018,oct,piscine-C,jihong
2018,oct,piscine-C,jipark
2018,oct,piscine-C,jkaplin
2018,oct,piscine-C,jmora
2018,oct,piscine-C,jnyveen
2018,oct,piscine-C,jomuldro
2018,oct,piscine-C,jorobins
2018,oct,piscine-C,joshguti
2018,oct,piscine-C,jparbs
2018,oct,piscine-C,jpierre2
2018,oct,piscine-C,jproleik
2018,oct,piscine-C,jquince
2018,oct,piscine-C,kachenna
2018,oct,piscine-C,kchen2
2018,oct,piscine-C,kchong
2018,oct,piscine-C,kdominiq
2018,oct,piscine-C,kelugo
2018,oct,piscine-C,keperez
2018,oct,piscine-C,kergeorg
2018,oct,piscine-C,khomar
2018,oct,piscine-C,kkaralyu
2018,oct,piscine-C,kkozlov
2018,oct,piscine-C,kmar
2018,oct,piscine-C,kmatushe
2018,oct,piscine-C,kmira
2018,oct,piscine-C,kskostyl
2018,oct,piscine-C,kyellayi
2018,oct,piscine-C,laguilar
2018,oct,piscine-C,lde-la-g
2018,oct,piscine-C,liwong
2018,oct,piscine-C,lkang
2018,oct,piscine-C,lspiess
2018,oct,piscine-C,ltaboada
2018,oct,piscine-C,majames
2018,oct,piscine-C,mansharm
2018,oct,piscine-C,mbavuudo
2018,oct,piscine-C,mbernik
2018,oct,piscine-C,mboulara
2018,oct,piscine-C,mbutt
2018,oct,piscine-C,mde-carv
2018,oct,piscine-C,mdemiche
2018,oct,piscine-C,mhuber
2018,oct,piscine-C,mhuerta
2018,oct,piscine-C,mhung
2018,oct,piscine-C,miadonis
2018,oct,piscine-C,mirivera
2018,oct,piscine-C,mkryukov
2018,oct,piscine-C,mmansill
2018,oct,piscine-C,mmcarthu
2018,oct,piscine-C,mmollamo
2018,oct,piscine-C,mnovilla
2018,oct,piscine-C,mqian
2018,oct,piscine-C,mrengifo
2018,oct,piscine-C,msemichi
2018,oct,piscine-C,msharma-
2018,oct,piscine-C,naokbazg
2018,oct,piscine-C,ncarranz
2018,oct,piscine-C,nfilin
2018,oct,piscine-C,nhan
2018,oct,piscine-C,nmora-go
2018,oct,piscine-C,nnazaruk
2018,oct,piscine-C,nnwachuk
2018,oct,piscine-C,nolakim
2018,oct,piscine-C,obisiriy
2018,oct,piscine-C,oboothe
2018,oct,piscine-C,obuksha
2018,oct,piscine-C,omeiring
2018,oct,piscine-C,osfally
2018,oct,piscine-C,pasmadja
2018,oct,piscine-C,patrisor
2018,oct,piscine-C,patrsory
2018,oct,piscine-C,pburton
2018,oct,piscine-C,pchaika
2018,oct,piscine-C,pgimzaus
2018,oct,piscine-C,pgobeil-
2018,oct,piscine-C,phtruong
2018,oct,piscine-C,phwu
2018,oct,piscine-C,prassolo
2018,oct,piscine-C,rallen
2018,oct,piscine-C,ralvarez
2018,oct,piscine-C,rarodrig
2018,oct,piscine-C,rayramos
2018,oct,piscine-C,rlima
2018,oct,piscine-C,rosgill
2018,oct,piscine-C,rsmith
2018,oct,piscine-C,rywang
2018,oct,piscine-C,sabeugre
2018,oct,piscine-C,sakakova
2018,oct,piscine-C,salcindo
2018,oct,piscine-C,samahatt
2018,oct,piscine-C,sauesugi
2018,oct,piscine-C,sgusache
2018,oct,piscine-C,shameer
2018,oct,piscine-C,shaque
2018,oct,piscine-C,skythoma
2018,oct,piscine-C,smaletyc
2018,oct,piscine-C,smiller
2018,oct,piscine-C,sohan
2018,oct,piscine-C,ssettle
2018,oct,piscine-C,ssharafe
2018,oct,piscine-C,sxu
2018,oct,piscine-C,syu
2018,oct,piscine-C,tbaasan
2018,oct,piscine-C,thsilva
2018,oct,piscine-C,tkatolik
2018,oct,piscine-C,tleung
2018,oct,piscine-C,tpugh
2018,oct,piscine-C,trufford
2018,oct,piscine-C,tvandivi
2018,oct,piscine-C,tyoung
2018,oct,piscine-C,vabiga
2018,oct,piscine-C,vbulakh
2018,oct,piscine-C,vdokukin
2018,oct,piscine-C,vhernand
2018,oct,piscine-C,vnazeri
2018,oct,piscine-C,vrabaib
2018,oct,piscine-C,wharring
2018,oct,piscine-C,whood
2018,oct,piscine-C,wiljean-
2018,oct,piscine-C,wmaguire
2018,oct,piscine-C,wsun
2018,oct,piscine-C,yan-chen
2018,oct,piscine-C,yemha
2018,oct,piscine-C,yijzhou
2018,oct,piscine-C,yinzhang
2018,oct,piscine-C,ykashans
2018,oct,piscine-C,ykuanysh
2018,oct,piscine-C,yson
2018,oct,piscine-C,ytsai
2018,oct,piscine-C,zhtut
2018,oct,piscine-C,zhzhai
2018,oct,piscine-C,zpetrov
2018,oct,piscine-C,zsong
2018,oct,piscine-C,zstucke
