id	firstname	lastname	phone	address	email
1	Bryce	Mckenzie	199-555-9510	282 Cherry Lane, Chandler PW 58784	bryce_mckenzie@bogusemail.com
2	Ina	Kramer	238-555-7647	452 5th Street, Riverside MP 78927	ina_kramer@bogusemail.com
3	Solomon	Barajas	570-555-3957	469 Route 44, New Orleans PR 65562	solomon_barajas@bogusemail.com
4	Gabby	Porter	349-555-4662	731 5th Street East, Toledo NE 73682	gabby_porter@bogusemail.com
5	Andy	Reyes	636-555-6355	862 Broad Street West, Omaha NM 19466	andy_reyes@bogusemail.com
6	White	Fischer	157-555-9769	998 Cherry Lane, New Orleans RI 42333	white_fischer@bogusemail.com
7	Ben	Turner	834-555-4069	847 Buttonwood Drive, Glendale HI 59786	ben_turner@bogusemail.com
8	Derek	Hobbs	541-555-6798	410 Garfield Avenue, Milwaukee LA 96499	derek_hobbs@bogusemail.com
9	Melba	Arroyo	585-555-7254	209 Route 29, Portland HI 33134	melba_arroyo@bogusemail.com
10	Liz	Bell	637-555-9760	222 Virginia Avenue, Riverside MD 67533	liz_bell@bogusemail.com
11	Chapman	Meyers	942-555-1966	683 Route 20, Arlington MT 42623	chapman_meyers@bogusemail.com
12	Mcfadden	Porter	852-555-5469	555 Route 44, Anaheim NJ 40590	mcfadden_porter@bogusemail.com
13	Christoper	Bell	851-555-5649	356 Country Club Drive, Modesto NJ 41642	christoper_bell@bogusemail.com
14	Lucina	Wang	235-555-8288	113 Catherine Street, New Orleans UT 38424	lucina_wang@bogusemail.com
15	Fred	Reed	779-555-5221	332 5th Street East, Chesapeake ND 23942	fred_reed@bogusemail.com
16	Chapman	Dean	730-555-5200	648 Clay Street, Jacksonville AK 12810	chapman_dean@bogusemail.com
17	Mcfadden	Hays	448-555-8097	411 Front Street North, Omaha NC 57553	mcfadden_hays@bogusemail.com
18	Eduardo	Fritz	211-555-2577	913 5th Street, Kansas City NY 45515	eduardo_fritz@bogusemail.com
19	Zachary	Singleton	600-555-9650	181 Beechwood Drive, Portland LA 35056	zachary_singleton@bogusemail.com
20	Christoper	Scott	563-555-2877	483 Warren Street, Boston LA 43645	christoper_scott@bogusemail.com
21	Elisabeth	Tricia	853-555-3788	361 Street Road, Toledo AS 52764	elisabeth_tricia@bogusemail.com
22	Aron	Pratt	103-555-1240	223 Laurel Drive, Garland OK 49951	aron_pratt@bogusemail.com
23	Harris	Scott	568-555-3799	696 Harrison Street, Chandler MH 27100	harris_scott@bogusemail.com
24	Penny	Zavala	876-555-6563	988 Orange Street, Lubbock AS 55872	penny_zavala@bogusemail.com
25	Percy	Fischer	942-555-9934	900 5th Street, Portland CT 93279	percy_fischer@bogusemail.com
26	Diana	Woods	982-555-1580	548 Howard Street, Denver OH 60389	diana_woods@bogusemail.com
27	Wendy	York	736-555-5330	612 Broad Street West, Garland RI 39860	wendy_york@bogusemail.com
28	Fred	Bennett	337-555-6895	774 Cedar Lane, Modesto OR 25681	fred_bennett@bogusemail.com
29	Beth	Arellano	277-555-2855	441 Buttonwood Drive, Riverside MS 15941	beth_arellano@bogusemail.com
30	Harris	Barajas	693-555-1158	347 Williams Street, Toledo TX 50816	harris_barajas@bogusemail.com
31	Shanks	Choi	833-555-4442	954 Fulton Street, Henderson SC 44589	shanks_choi@bogusemail.com
32	Lucy	Payne	240-555-7362	866 Lafayette Avenue, Mesa DC 13070	lucy_payne@bogusemail.com
33	Cranford	Ramirez	263-555-2569	799 Cobblestone Court, Chesapeake NJ 80309	cranford_ramirez@bogusemail.com
34	Shanks	Crane	784-555-4611	951 Creek Road, Los Angeles MP 16535	shanks_crane@bogusemail.com
35	Percy	Reed	799-555-8208	651 Williams Street, New Orleans MP 52175	percy_reed@bogusemail.com
36	White	Reed	856-555-1894	839 Beechwood Drive, Scottsdale IL 28824	white_reed@bogusemail.com
37	Liz	Vaughan	639-555-2228	401 Strawberry Lane, New Orleans ND 56878	liz_vaughan@bogusemail.com
38	Mack	Wang	897-555-9353	242 College Avenue, Long Beach NC 95759	mack_wang@bogusemail.com
39	Ryan	Kane	671-555-7154	898 Route 20, Reno KS 14270	ryan_kane@bogusemail.com
40	Kyle	Bell	518-555-1915	328 Crescent Street, Raleigh KY 59324	kyle_bell@bogusemail.com
41	Amal	Vaughan	262-555-2216	116 Williams Street, Boise OR 51221	amal_vaughan@bogusemail.com
42	Al	Jorge	496-555-9410	697 Race Street, Washington MI 94125	al_jorge@bogusemail.com
43	Chapman	Porter	978-555-5276	203 Buttonwood Drive, Boston AR 14721	chapman_porter@bogusemail.com
44	Catherine	Wang	832-555-5006	374 Route 29, Hialeah WI 56452	catherine_wang@bogusemail.com
45	Vick	Dean	683-555-1546	645 Cypress Court, Hialeah CT 77765	vick_dean@bogusemail.com
46	Myrtice	Reed	287-555-3185	150 Briarwood Drive, Akron UT 14221	myrtice_reed@bogusemail.com
47	Douglas	Trevino	842-555-8699	234 Cherry Lane, Rochester VA 52254	douglas_trevino@bogusemail.com
48	Fred	Petersen	706-555-9014	799 Crescent Street, Chandler CO 92822	fred_petersen@bogusemail.com
49	Myrtice	Holden	556-555-7010	836 Bridge Street, Raleigh GU 59940	myrtice_holden@bogusemail.com
50	Elisabeth	Ramirez	110-555-6454	443 Fawn Lane, Hialeah WI 25861	elisabeth_ramirez@bogusemail.com
51	Wendy	Mann	405-555-2952	295 Park Place, Jacksonville OR 82477	wendy_mann@bogusemail.com
52	Valerie	Hays	384-555-9601	352 8th Street, Atlanta WI 18883	valerie_hays@bogusemail.com
53	Shanks	Villarreal	417-555-9625	622 Buttonwood Drive, Minneapolis MS 25300	shanks_villarreal@bogusemail.com
54	Kim	Kane	750-555-7784	584 Garfield Avenue, Boston MI 30140	kim_kane@bogusemail.com
55	Zach	Hawkins	898-555-7203	384 Fulton Street, Chesapeake OR 68791	zach_hawkins@bogusemail.com
56	Ivan	Mann	908-555-4949	923 Cherry Lane, Wichita GU 46711	ivan_mann@bogusemail.com
57	Melba	Hodges	980-555-6261	193 Franklin Court, Chandler NY 54881	melba_hodges@bogusemail.com
58	Kim	Tricia	131-555-7150	290 Franklin Court, Mesa FL 76176	kim_tricia@bogusemail.com
59	Ryan	Thornton	506-555-5041	112 Cobblestone Court, Toledo UT 53609	ryan_thornton@bogusemail.com
60	Raven	Rowe	713-555-6494	831 Creek Road, Buffalo MS 20545	raven_rowe@bogusemail.com
61	Percy	Barajas	668-555-3341	942 Catherine Street, Minneapolis CO 98993	percy_barajas@bogusemail.com
62	Carolin	Porter	635-555-5312	327 Catherine Street, Baltimore KY 18848	carolin_porter@bogusemail.com
63	Cedric	Russo	525-555-1859	294 Valley View Road, Cincinnati WY 12924	cedric_russo@bogusemail.com
64	Al	Costa	850-555-6033	682 Cypress Court, San Antonio FM 42510	al_costa@bogusemail.com
65	Kyle	Hess	873-555-8954	405 Catherine Street, Cleveland CA 76782	kyle_hess@bogusemail.com
66	Conner	Levy	275-555-4404	641 8th Street, Aurora GA 80110	conner_levy@bogusemail.com
67	Alice	Hess	327-555-5803	584 Broad Street West, San Diego MI 94314	alice_hess@bogusemail.com
68	Barger	Bryant	105-555-6306	891 Virginia Avenue, New Orleans GU 50434	barger_bryant@bogusemail.com
69	Opera	Candice	395-555-8577	146 5th Street, Rochester AS 64631	opera_candice@bogusemail.com
70	Vick	Fischer	952-555-2613	839 Harrison Street, Lexington-Fayette MD 31408	vick_fischer@bogusemail.com
71	Casey	Li	964-555-6660	184 Route 29, Santa Ana TN 82701	casey_li@bogusemail.com
72	Amal	Mona	781-555-1524	844 6th Street West, Tulsa NY 67105	amal_mona@bogusemail.com
73	Franz	Lance	656-555-6701	616 Cypress Court, Stockton AS 55053	franz_lance@bogusemail.com
74	Liz	Choi	562-555-1843	133 Creek Road, Lexington - Fayette IA 78869	liz_choi@bogusemail.com
75	Marry	James	186-555-6179	633 South Street, Portland NH 15048	marry_james@bogusemail.com
76	Xandra	Turner	588-555-6903	577 Route 20, Lexington-Fayette MI 87438	xandra_turner@bogusemail.com
77	Ulyana	York	416-555-5455	152 Cherry Lane, Arlington NC 14514	ulyana_york@bogusemail.com
78	Britny	Mann	430-555-9092	366 Clinton Street, Norfolk NJ 57575	britny_mann@bogusemail.com
79	Franz	Walsh	875-555-8588	143 Strawberry Lane, Boston NC 16685	franz_walsh@bogusemail.com
80	Marry	Pacheco	851-555-8874	679 Cherry Lane, Scottsdale IL 84756	marry_pacheco@bogusemail.com
81	Opera	Hobbs	235-555-1871	775 4th Street, Anchorage NC 41536	opera_hobbs@bogusemail.com
82	Haskell	Freeman	664-555-2023	929 College Avenue, San Antonio NM 30857	haskell_freeman@bogusemail.com
83	Lucy	Scott	704-555-7496	216 Buttonwood Drive, Modesto OR 18649	lucy_scott@bogusemail.com
84	Tom	Fischer	527-555-7206	540 6th Street West, Orlando GA 74481	tom_fischer@bogusemail.com
85	Ryan	Arroyo	967-555-4409	915 Spruce Street, Charlotte RI 50968	ryan_arroyo@bogusemail.com
86	Ulyana	Goodman	525-555-1926	918 Mill Road, St. Louis ND 35251	ulyana_goodman@bogusemail.com
87	Figueroa	Marian	353-555-7598	318 Hillside Drive, Lexington-Fayette NV 57542	figueroa_marian@bogusemail.com
88	Jack	Nash	504-555-1152	337 Franklin Court, Chesapeake WI 25764	jack_nash@bogusemail.com
89	Solomon	Mona	665-555-7952	366 B Street, Omaha WI 53777	solomon_mona@bogusemail.com
90	Nancy	Walsh	518-555-4734	688 Route 29, Garland RI 66385	nancy_walsh@bogusemail.com
91	Barry	Walker	936-555-1566	771 B Street, San Diego KS 61962	barry_walker@bogusemail.com
92	Kim	Nash	379-555-1811	142 Race Street, Milwaukee WA 78268	kim_nash@bogusemail.com
93	Treena	James	570-555-5348	435 Beechwood Drive, Boise NH 13761	treena_james@bogusemail.com
94	Lucy	Cole	917-555-8209	664 Maple Avenue, Sacramento KS 75765	lucy_cole@bogusemail.com
95	Kincaid	Gallegos	239-555-7031	324 Clay Street, Orlando LA 29947	kincaid_gallegos@bogusemail.com
96	Casey	Li	709-555-1579	872 Parker Street, Sacramento ID 20941	casey_li@bogusemail.com
97	Douglas	Choi	143-555-5661	109 Route 29, Norfolk MT 12034	douglas_choi@bogusemail.com
98	Tabia	Porter	192-555-4524	688 Cypress Court, Milwaukee FL 55843	tabia_porter@bogusemail.com
99	Reese	Pierce	485-555-6355	246 Orange Street, Santa Ana VA 78305	reese_pierce@bogusemail.com
100	Vick	Gregory	474-555-8980	970 Fawn Lane, Baltimore VA 21330	vick_gregory@bogusemail.com
